<?xml version="1.0" encoding="UTF-8"?>
<root>
  <item name="com.telerik.widget.calendar.CalendarCellStyle fontStyle">
    <annotation name="androidx.annotation.IntDef">
      <val name="value" val="{android.graphics.Typeface.NORMAL, android.graphics.Typeface.BOLD, android.graphics.Typeface.ITALIC, android.graphics.Typeface.BOLD_ITALIC}" />
    </annotation>
  </item>
  <item name="com.telerik.widget.calendar.CalendarCellStyle java.lang.Integer getFontStyle()">
    <annotation name="androidx.annotation.IntDef">
      <val name="value" val="{android.graphics.Typeface.NORMAL, android.graphics.Typeface.BOLD, android.graphics.Typeface.ITALIC, android.graphics.Typeface.BOLD_ITALIC}" />
    </annotation>
  </item>
  <item name="com.telerik.widget.calendar.CalendarCellStyle.Style">
    <annotation name="androidx.annotation.IntDef">
      <val name="value" val="{android.graphics.Typeface.NORMAL, android.graphics.Typeface.BOLD, android.graphics.Typeface.ITALIC, android.graphics.Typeface.BOLD_ITALIC}" />
    </annotation>
  </item>
</root>

